name;target;group_name;group_folder_path
Запросы;"Целевая ссылка";"Имя группы";Папка
"мебель на заказ";https://fogwood.ru/;Мебель;/Мебель/
"мебель на заказ спб";https://fogwood.ru/;Мебель;/Мебель/
"изготовление мебели на заказ";https://fogwood.ru/;Мебель;/Мебель/
"мебель под заказ спб";https://fogwood.ru/;Мебель;/Мебель/
"мебель под заказ";https://fogwood.ru/;Мебель;/Мебель/
"изготовление мебели на заказ в спб";https://fogwood.ru/;Мебель;/Мебель/
"производство мебели в спб";https://fogwood.ru/;Мебель;/Мебель/
"изготовление мебели";https://fogwood.ru/;Мебель;/Мебель/
"мебель на заказ в спб от производителя";https://fogwood.ru/;Мебель;/Мебель/
"деревянная мебель на заказ";https://fogwood.ru/;Мебель;/Мебель/
"мебель на заказ по индивидуальным размерам";https://fogwood.ru/;Мебель;/Мебель/
"изготовление мебели из массива";https://fogwood.ru/;Мебель;/Мебель/
"производство мебели на заказ";https://fogwood.ru/;Мебель;/Мебель/
"мебель из массива на заказ";https://fogwood.ru/;Мебель;/Мебель/
"мебель по индивидуальным размерам в спб";https://fogwood.ru/;Мебель;/Мебель/
"изготовление мебели спб";https://fogwood.ru/;Мебель;/Мебель/
"заказ мебели по индивидуальным размерам спб";https://fogwood.ru/;Мебель;/Мебель/
"мебель из дерева на заказ спб";https://fogwood.ru/;Мебель;/Мебель/
"мебель из дерева на заказ";https://fogwood.ru/;Мебель;/Мебель/
"заказать мебель по индивидуальным размерам в спб";https://fogwood.ru/;Мебель;/Мебель/
"кухни премиум класса под заказ";;Премиум;/Мебель/Кухни/
"элитные кухни на заказ";;Премиум;/Мебель/Кухни/
"элитные кухни на заказ в спб";;Премиум;/Мебель/Кухни/
"кухни на заказ премиум класса";;Премиум;/Мебель/Кухни/
"угловые кухни на заказ";;Угловые;/Мебель/Кухни/
"цены на угловые кухни под заказ";;Угловые;/Мебель/Кухни/
"угловые кухни на заказ в спб";;Угловые;/Мебель/Кухни/
"угловые кухни на заказ недорого";;Угловые;/Мебель/Кухни/
"угловые кухни на заказ от производителя";;Угловые;/Мебель/Кухни/
"угловые кухни лофт на заказ в спб";;Угловые;/Мебель/Кухни/
"кухни угловые на заказ каталог";;Угловые;/Мебель/Кухни/
"угловые кухни больших размеров";;Угловые;/Мебель/Кухни/
"встроенные угловые кухни на заказ";;Угловые;/Мебель/Кухни/
"недорогие кухни спб на заказ угловые";;Угловые;/Мебель/Кухни/
"встроенные кухни на заказ";;Встроенные;/Мебель/Кухни/
"встраиваемая кухня на заказ";;Встроенные;/Мебель/Кухни/
"сколько стоит встроенная кухня на заказ";;Встроенные;/Мебель/Кухни/
"встроенные кухни на заказ спб";;Встроенные;/Мебель/Кухни/
"встраиваемые кухни на заказ спб";;Встроенные;/Мебель/Кухни/
"встроенная кухня заказ недорого";;Встроенные;/Мебель/Кухни/
"белая кухня на заказ";;Белые;/Мебель/Кухни/
"классические кухни на заказ в спб";;Классические;/Мебель/Кухни/
"классические кухни на заказ";;Классические;/Мебель/Кухни/
"классик кухни на заказ спб";;Классические;/Мебель/Кухни/
"кухни на заказ классика спб";;Классические;/Мебель/Кухни/
"классик кухни на заказ";;Классические;/Мебель/Кухни/
"современные кухни на заказ";;Современные;/Мебель/Кухни/
"современная кухня маленького размера";;Современные;/Мебель/Кухни/
"кухни лофт на заказ";;Лофт;/Мебель/Кухни/
"кухни лофт на заказ в спб";;Лофт;/Мебель/Кухни/
"модульные кухни из массива производство";;Модульные;/Мебель/Кухни/
"модульные кухни на заказ";;Модульные;/Мебель/Кухни/
"модульная кухня на заказ спб";;Модульные;/Мебель/Кухни/
"кухня модулями на заказ";;Модульные;/Мебель/Кухни/
"модульная кухня на заказ спб недорого";;Модульные;/Мебель/Кухни/
"прямые кухни на заказ";;Прямые;/Мебель/Кухни/
"прямые кухни на заказ от производителя";;Прямые;/Мебель/Кухни/
"прямые кухни под заказ";;Прямые;/Мебель/Кухни/
"маленькие кухни на заказ";;Маленькие;/Мебель/Кухни/
"маленькие кухни на заказ спб";;Маленькие;/Мебель/Кухни/
"кухни на заказ малогабаритные";;Маленькие;/Мебель/Кухни/
"маленькая кухня на заказ недорого";;Маленькие;/Мебель/Кухни/
"кухня в студию на заказ цена";;Маленькие;/Мебель/Кухни/
"маленькие кухни на заказ спб недорого";;Маленькие;/Мебель/Кухни/
"мини кухни на заказ";;Маленькие;/Мебель/Кухни/
"кухни на заказ в спб";https://fogwood.ru/kuhni-na-zakaz/;Кухни;/Мебель/Кухни/
"кухни на заказ";https://fogwood.ru/kuhni-na-zakaz/;Кухни;/Мебель/Кухни/
"кухни под заказ";https://fogwood.ru/kuhni-na-zakaz/;Кухни;/Мебель/Кухни/
"кухни на заказ санкт петербург";https://fogwood.ru/kuhni-na-zakaz/;Кухни;/Мебель/Кухни/
"кухни на заказ от производителя";https://fogwood.ru/kuhni-na-zakaz/;Кухни;/Мебель/Кухни/
"кухни на заказ купить спб";https://fogwood.ru/kuhni-na-zakaz/;Кухни;/Мебель/Кухни/
"кухни на заказ по индивидуальным размерам";https://fogwood.ru/kuhni-na-zakaz/;Кухни;/Мебель/Кухни/
"заказать кухню по индивидуальным размерам";https://fogwood.ru/kuhni-na-zakaz/;Кухни;/Мебель/Кухни/
"производство кухонь в спб";https://fogwood.ru/kuhni-na-zakaz/;Кухни;/Мебель/Кухни/
"кухни на заказ спб от производителя";https://fogwood.ru/kuhni-na-zakaz/;Кухни;/Мебель/Кухни/
"кухни под заказ в спб";https://fogwood.ru/kuhni-na-zakaz/;Кухни;/Мебель/Кухни/
"мебель для кухни на заказ";https://fogwood.ru/kuhni-na-zakaz/;Кухни;/Мебель/Кухни/
"кухни на заказ каталог";https://fogwood.ru/kuhni-na-zakaz/;Кухни;/Мебель/Кухни/
"купить кухню на заказ";https://fogwood.ru/kuhni-na-zakaz/;Кухни;/Мебель/Кухни/
"кухни на заказ цены";https://fogwood.ru/kuhni-na-zakaz/;Кухни;/Мебель/Кухни/
"заказать кухню в спб по индивидуальным размерам";https://fogwood.ru/kuhni-na-zakaz/;Кухни;/Мебель/Кухни/
"изготовление кухонь на заказ в санкт петербурге";https://fogwood.ru/kuhni-na-zakaz/;Кухни;/Мебель/Кухни/
"кухни на заказ в спб цены";https://fogwood.ru/kuhni-na-zakaz/;Кухни;/Мебель/Кухни/
"кухня по индивидуальному заказу спб";https://fogwood.ru/kuhni-na-zakaz/;Кухни;/Мебель/Кухни/
"кухни по индивидуальному заказу";https://fogwood.ru/kuhni-na-zakaz/;Кухни;/Мебель/Кухни/
"кухня под ключ";https://fogwood.ru/kuhni-na-zakaz/;Кухни;/Мебель/Кухни/
"шкаф в спальню на заказ";;"В спальню";/Мебель/Шкафы/
"шкаф купе в спальню на заказ";;"В спальню";/Мебель/Шкафы/
"встроенный шкаф в спальню на заказ";;"В спальню";/Мебель/Шкафы/
"встроенный шкаф купе в спальню на заказ";;"В спальню";/Мебель/Шкафы/
"шкафы в прихожую на заказ";;"В прихожую";/Мебель/Шкафы/
"шкаф купе в прихожую на заказ";;"В прихожую";/Мебель/Шкафы/
"шкаф в прихожую на заказ спб";;"В прихожую";/Мебель/Шкафы/
"шкаф в прихожую под заказ";;"В прихожую";/Мебель/Шкафы/
"шкаф на балкон на заказ";;"На балкон";/Мебель/Шкафы/
"шкаф на балкон на заказ спб";;"На балкон";/Мебель/Шкафы/
"шкафы на лоджию на заказ";;"На балкон";/Мебель/Шкафы/
"распашные шкафы на заказ";;Распашные;/Мебель/Шкафы/
"распашные шкафы на заказ в спб";;Распашные;/Мебель/Шкафы/
"распашные шкафы на заказ по индивидуальным размерам";;Распашные;/Мебель/Шкафы/
"шкафы распашные под заказ спб";;Распашные;/Мебель/Шкафы/
"шкафы гардеробные на заказ в спб";;Гардеробные;/Мебель/Шкафы/
"книжный шкаф на заказ по индивидуальным размерам";;Книжные;/Мебель/Шкафы/
"книжный шкаф на заказ";;Книжные;/Мебель/Шкафы/
"книжный шкаф массив на заказ";;Книжные;/Мебель/Шкафы/
"книжный шкаф под заказ";;Книжные;/Мебель/Шкафы/
"изготовление книжного шкафа";;Книжные;/Мебель/Шкафы/
"шкафы купе на заказ в санкт петербурге";;Купе;/Мебель/Шкафы/
"шкафы купе под заказ";;Купе;/Мебель/Шкафы/
"шкаф купе по индивидуальным размерам";;Купе;/Мебель/Шкафы/
"изготовление шкафов купе на заказ";;Купе;/Мебель/Шкафы/
"шкаф купе под заказ спб";;Купе;/Мебель/Шкафы/
"производство шкафов купе";;Купе;/Мебель/Шкафы/
"изготовить шкаф купе на заказ в спб";;Купе;/Мебель/Шкафы/
"шкаф купе по индивидуальному заказу";;Купе;/Мебель/Шкафы/
"заказать шкаф купе по индивидуальным размерам";;Купе;/Мебель/Шкафы/
"шкаф купе по размерам заказчика";;Купе;/Мебель/Шкафы/
"встраиваемые шкафы на заказ спб";;Встроенные;/Мебель/Шкафы/
"встроенный шкаф на заказ спб";;Встроенные;/Мебель/Шкафы/
"встроенные шкафы купе на заказ";;Встроенные;/Мебель/Шкафы/
"встраиваемые шкафы купе на заказ";;Встроенные;/Мебель/Шкафы/
"встраиваемые шкафы на заказ";;Встроенные;/Мебель/Шкафы/
"встроенные шкафы на заказ";;Встроенные;/Мебель/Шкафы/
"встраиваемый шкаф купе в прихожую на заказ";;Встроенные;/Мебель/Шкафы/
"встроенный шкаф купе в прихожую на заказ";;Встроенные;/Мебель/Шкафы/
"встроенный шкаф купе на заказ в спб";;Встроенные;/Мебель/Шкафы/
"шкафы встроенные в нишу на заказ";;Встроенные;/Мебель/Шкафы/
"встраиваемые шкафы купе на заказ спб";;Встроенные;/Мебель/Шкафы/
"встраиваемые шкафы в прихожую на заказ";;Встроенные;/Мебель/Шкафы/
"встроенный шкаф в прихожую на заказ";;Встроенные;/Мебель/Шкафы/
"угловой шкаф на заказ по индивидуальным размерам";;Угловые;/Мебель/Шкафы/
"угловой шкаф на заказ";;Угловые;/Мебель/Шкафы/
"угловые шкафы на заказ спб";;Угловые;/Мебель/Шкафы/
"угловые шкафы купе на заказ";;Угловые;/Мебель/Шкафы/
"шкаф купа на заказ";https://fogwood.ru/shkafy-na-zakaz/;Шкафы;/Мебель/Шкафы/
"шкафы купе на заказ";https://fogwood.ru/shkafy-na-zakaz/;Шкафы;/Мебель/Шкафы/
"шкаф купе на заказ в спб";https://fogwood.ru/shkafy-na-zakaz/;Шкафы;/Мебель/Шкафы/
"шкаф на заказ спб";https://fogwood.ru/shkafy-na-zakaz/;Шкафы;/Мебель/Шкафы/
"шкафы на заказ";https://fogwood.ru/shkafy-na-zakaz/;Шкафы;/Мебель/Шкафы/
"шкафы купе в санкт петербурге на заказ";https://fogwood.ru/shkafy-na-zakaz/;Шкафы;/Мебель/Шкафы/
"шкафы на заказ по индивидуальным размерам";https://fogwood.ru/shkafy-na-zakaz/;Шкафы;/Мебель/Шкафы/
"шкафы на заказ спб по индивидуальным размерам";https://fogwood.ru/shkafy-na-zakaz/;Шкафы;/Мебель/Шкафы/
"шкафы купе на заказ в петербурге";https://fogwood.ru/shkafy-na-zakaz/;Шкафы;/Мебель/Шкафы/
"шкафы купе на заказ по индивидуальным размерам";https://fogwood.ru/shkafy-na-zakaz/;Шкафы;/Мебель/Шкафы/
"шкаф купе под заказ";https://fogwood.ru/shkafy-na-zakaz/;Шкафы;/Мебель/Шкафы/
"производство шкафов";https://fogwood.ru/shkafy-na-zakaz/;Шкафы;/Мебель/Шкафы/
"изготовление шкафов на заказ";https://fogwood.ru/shkafy-na-zakaz/;Шкафы;/Мебель/Шкафы/
"производство шкафов купе в санкт петербурге";https://fogwood.ru/shkafy-na-zakaz/;Шкафы;/Мебель/Шкафы/
"шкафы купе на заказ от производителя";https://fogwood.ru/shkafy-na-zakaz/;Шкафы;/Мебель/Шкафы/
"шкаф под заказ спб";https://fogwood.ru/shkafy-na-zakaz/;Шкафы;/Мебель/Шкафы/
"изготовление шкафов на заказ спб";https://fogwood.ru/shkafy-na-zakaz/;Шкафы;/Мебель/Шкафы/
"изготовление шкафов купе";https://fogwood.ru/shkafy-na-zakaz/;Шкафы;/Мебель/Шкафы/
"спб шкафы купе на заказ от производителя";https://fogwood.ru/shkafy-na-zakaz/;Шкафы;/Мебель/Шкафы/
"купить шкаф на заказ в спб";https://fogwood.ru/shkafy-na-zakaz/;Шкафы;/Мебель/Шкафы/
"столы на заказ спб";https://fogwood.ru/stoly-na-zakaz/;"Столы и стулья";"/Мебель/Столы и стулья/"
"производство стульев в спб";https://fogwood.ru/stoly-na-zakaz/;"Столы и стулья";"/Мебель/Столы и стулья/"
"стол на заказ по индивидуальным размерам";https://fogwood.ru/stoly-na-zakaz/;"Столы и стулья";"/Мебель/Столы и стулья/"
"стулья на заказ";https://fogwood.ru/stoly-na-zakaz/;"Столы и стулья";"/Мебель/Столы и стулья/"
"производство столов";https://fogwood.ru/stoly-na-zakaz/;"Столы и стулья";"/Мебель/Столы и стулья/"
"стулья на заказ в спб";https://fogwood.ru/stoly-na-zakaz/;"Столы и стулья";"/Мебель/Столы и стулья/"
"производство стульев";https://fogwood.ru/stoly-na-zakaz/;"Столы и стулья";"/Мебель/Столы и стулья/"
"изготовление стульев спб";https://fogwood.ru/stoly-na-zakaz/;"Столы и стулья";"/Мебель/Столы и стулья/"
"производство столов и стульев";https://fogwood.ru/stoly-na-zakaz/;"Столы и стулья";"/Мебель/Столы и стулья/"
"изготовление столов";https://fogwood.ru/stoly-na-zakaz/;"Столы и стулья";"/Мебель/Столы и стулья/"
"стол из массива на заказ";https://fogwood.ru/stoly-na-zakaz/;"Столы и стулья";"/Мебель/Столы и стулья/"
"столы из дерева на заказ";https://fogwood.ru/stoly-na-zakaz/;"Столы и стулья";"/Мебель/Столы и стулья/"
"кровать на заказ";https://fogwood.ru/krovati-na-zakaz/;Кровати;/Мебель/Кровати/
"кровать на заказ в спб";https://fogwood.ru/krovati-na-zakaz/;Кровати;/Мебель/Кровати/
"производство кроватей в спб";https://fogwood.ru/krovati-na-zakaz/;Кровати;/Мебель/Кровати/
"кровати под заказ спб";https://fogwood.ru/krovati-na-zakaz/;Кровати;/Мебель/Кровати/
"изготовление кроватей на заказ";https://fogwood.ru/krovati-na-zakaz/;Кровати;/Мебель/Кровати/
"кровать на заказ по индивидуальным размерам";https://fogwood.ru/krovati-na-zakaz/;Кровати;/Мебель/Кровати/
"изготовление кроватей спб";https://fogwood.ru/krovati-na-zakaz/;Кровати;/Мебель/Кровати/
"изготовление кроватей на заказ в спб";https://fogwood.ru/krovati-na-zakaz/;Кровати;/Мебель/Кровати/
"кровать на заказ в спб от производителя";https://fogwood.ru/krovati-na-zakaz/;Кровати;/Мебель/Кровати/
"производство кроватей";https://fogwood.ru/krovati-na-zakaz/;Кровати;/Мебель/Кровати/
"стенки на заказ";https://fogwood.ru/stenki-na-zakaz/;Стенки;/Мебель/Стенки/
"нестандартные мебельные стенки на заказ";https://fogwood.ru/stenki-na-zakaz/;Стенки;/Мебель/Стенки/
"заказать стенку по своим размерам недорого";https://fogwood.ru/stenki-na-zakaz/;Стенки;/Мебель/Стенки/
"мебельная стенка на заказ";https://fogwood.ru/stenki-na-zakaz/;Стенки;/Мебель/Стенки/
"стенка в гостиную на заказ";https://fogwood.ru/stenki-na-zakaz/;Стенки;/Мебель/Стенки/
"изготовление стенок для гостиной на заказ";https://fogwood.ru/stenki-na-zakaz/;Стенки;/Мебель/Стенки/
"стенка на заказ по индивидуальным размерам";https://fogwood.ru/stenki-na-zakaz/;Стенки;/Мебель/Стенки/
"стенка на заказ по индивидуальным размерам недорого";https://fogwood.ru/stenki-na-zakaz/;Стенки;/Мебель/Стенки/
"купить стенку под заказ";https://fogwood.ru/stenki-na-zakaz/;Стенки;/Мебель/Стенки/
"стенки в гостиную по индивидуальным размерам";https://fogwood.ru/stenki-na-zakaz/;Стенки;/Мебель/Стенки/
"заказать стенку в гостиную по своим размерам";https://fogwood.ru/stenki-na-zakaz/;Стенки;/Мебель/Стенки/
"комод на заказ";https://fogwood.ru/komody-na-zakaz/;"Комоды и тумбы";"/Мебель/Комоды и тумбы/"
"заказать комод по своим размерам в спб";https://fogwood.ru/komody-na-zakaz/;"Комоды и тумбы";"/Мебель/Комоды и тумбы/"
"комоды на заказ в спб";https://fogwood.ru/komody-na-zakaz/;"Комоды и тумбы";"/Мебель/Комоды и тумбы/"
"тумба на заказ";https://fogwood.ru/komody-na-zakaz/;"Комоды и тумбы";"/Мебель/Комоды и тумбы/"
"комод на заказ купить в спб";https://fogwood.ru/komody-na-zakaz/;"Комоды и тумбы";"/Мебель/Комоды и тумбы/"
"комоды в спб на заказ недорого";https://fogwood.ru/komody-na-zakaz/;"Комоды и тумбы";"/Мебель/Комоды и тумбы/"
"комод на заказ по индивидуальным размерам";https://fogwood.ru/komody-na-zakaz/;"Комоды и тумбы";"/Мебель/Комоды и тумбы/"
"тумба на заказ спб";https://fogwood.ru/komody-na-zakaz/;"Комоды и тумбы";"/Мебель/Комоды и тумбы/"
"тумба на заказ по индивидуальным размерам недорого";https://fogwood.ru/komody-na-zakaz/;"Комоды и тумбы";"/Мебель/Комоды и тумбы/"
"комод из дерева на заказ";https://fogwood.ru/komody-na-zakaz/;"Комоды и тумбы";"/Мебель/Комоды и тумбы/"
"комод под заказ по индивидуальным размерам недорого";https://fogwood.ru/komody-na-zakaz/;"Комоды и тумбы";"/Мебель/Комоды и тумбы/"
"заказать комод по своим размерам";https://fogwood.ru/komody-na-zakaz/;"Комоды и тумбы";"/Мебель/Комоды и тумбы/"
"изготовление комодов";https://fogwood.ru/komody-na-zakaz/;"Комоды и тумбы";"/Мебель/Комоды и тумбы/"
"библиотека на заказ";https://fogwood.ru/biblioteki-na-zakaz/;Библиотеки;/Мебель/Библиотеки/
"раздвижные библиотеки на заказ";https://fogwood.ru/biblioteki-na-zakaz/;Библиотеки;/Мебель/Библиотеки/
"домашняя библиотека на заказ";https://fogwood.ru/biblioteki-na-zakaz/;Библиотеки;/Мебель/Библиотеки/
"производство библиотек";https://fogwood.ru/biblioteki-na-zakaz/;Библиотеки;/Мебель/Библиотеки/
"гардеробные на заказ в спб";https://fogwood.ru/garderobnye-na-zakaz/;Гардеробные;/Мебель/Гардеробные/
"гардеробные на заказ";https://fogwood.ru/garderobnye-na-zakaz/;Гардеробные;/Мебель/Гардеробные/
"гардеробные системы в спб недорого на заказ";https://fogwood.ru/garderobnye-na-zakaz/;Гардеробные;/Мебель/Гардеробные/
"гардеробная комната на заказ спб";https://fogwood.ru/garderobnye-na-zakaz/;Гардеробные;/Мебель/Гардеробные/
"гардеробную на заказ в санкт петербурге";https://fogwood.ru/garderobnye-na-zakaz/;Гардеробные;/Мебель/Гардеробные/
"изготовление гардеробных на заказ в спб";https://fogwood.ru/garderobnye-na-zakaz/;Гардеробные;/Мебель/Гардеробные/
"гардеробная комната на заказ";https://fogwood.ru/garderobnye-na-zakaz/;Гардеробные;/Мебель/Гардеробные/
"гардеробные системы в спб на заказ";https://fogwood.ru/garderobnye-na-zakaz/;Гардеробные;/Мебель/Гардеробные/
"гардеробные системы на заказ";https://fogwood.ru/garderobnye-na-zakaz/;Гардеробные;/Мебель/Гардеробные/
"гардеробные под заказ";https://fogwood.ru/garderobnye-na-zakaz/;Гардеробные;/Мебель/Гардеробные/
"гардеробная на заказ недорого спб";https://fogwood.ru/garderobnye-na-zakaz/;Гардеробные;/Мебель/Гардеробные/
"гардеробная комната на заказ недорого";https://fogwood.ru/garderobnye-na-zakaz/;Гардеробные;/Мебель/Гардеробные/
"изготовление гардеробной на заказ";https://fogwood.ru/garderobnye-na-zakaz/;Гардеробные;/Мебель/Гардеробные/
"гардеробная под ключ спб";https://fogwood.ru/garderobnye-na-zakaz/;Гардеробные;/Мебель/Гардеробные/
"изготовление гардеробных";https://fogwood.ru/garderobnye-na-zakaz/;Гардеробные;/Мебель/Гардеробные/
"кабинет на заказ";https://fogwood.ru/kabinety-na-zakaz/;Кабинеты;/Мебель/Кабинеты/
"кабинет на заказ по индивидуальным размерам";https://fogwood.ru/kabinety-na-zakaz/;Кабинеты;/Мебель/Кабинеты/
"гостиные на заказ";https://fogwood.ru/gostinye-na-zakaz/;Гостиные;/Мебель/Гостиные/
"гостиная на заказ купить в спб";https://fogwood.ru/gostinye-na-zakaz/;Гостиные;/Мебель/Гостиные/
"гостиные на заказ спб";https://fogwood.ru/gostinye-na-zakaz/;Гостиные;/Мебель/Гостиные/
"мебель для гостиной на заказ";https://fogwood.ru/gostinye-na-zakaz/;Гостиные;/Мебель/Гостиные/
"изготовление гостиных на заказ";https://fogwood.ru/gostinye-na-zakaz/;Гостиные;/Мебель/Гостиные/
"мебель на заказ гостиная спб";https://fogwood.ru/gostinye-na-zakaz/;Гостиные;/Мебель/Гостиные/
"гостиная на заказ по индивидуальным размерам";https://fogwood.ru/gostinye-na-zakaz/;Гостиные;/Мебель/Гостиные/
"мебель под заказ гостиные";https://fogwood.ru/gostinye-na-zakaz/;Гостиные;/Мебель/Гостиные/
"гостиная по индивидуальным размерам недорого";https://fogwood.ru/gostinye-na-zakaz/;Гостиные;/Мебель/Гостиные/
"спальни на заказ в спб";https://fogwood.ru/spalny-na-zakaz/;Спальни;/Мебель/Спальни/
"спальни на заказ";https://fogwood.ru/spalny-na-zakaz/;Спальни;/Мебель/Спальни/
"мебель для спальни на заказ";https://fogwood.ru/spalny-na-zakaz/;Спальни;/Мебель/Спальни/
"спальня под ключ";https://fogwood.ru/spalny-na-zakaz/;Спальни;/Мебель/Спальни/
"производство спален";https://fogwood.ru/spalny-na-zakaz/;Спальни;/Мебель/Спальни/
"прихожие на заказ";https://fogwood.ru/prihojie-na-zakaz/;Прихожие;/Мебель/Прихожие/
"прихожие на заказ в спб";https://fogwood.ru/prihojie-na-zakaz/;Прихожие;/Мебель/Прихожие/
"прихожие на заказ по индивидуальным размерам недорого";https://fogwood.ru/prihojie-na-zakaz/;Прихожие;/Мебель/Прихожие/
"прихожие на заказ купить в спб";https://fogwood.ru/prihojie-na-zakaz/;Прихожие;/Мебель/Прихожие/
"изготовление прихожих на заказ в спб";https://fogwood.ru/prihojie-na-zakaz/;Прихожие;/Мебель/Прихожие/
"прихожая по индивидуальным размерам в спб";https://fogwood.ru/prihojie-na-zakaz/;Прихожие;/Мебель/Прихожие/
"прихожая по индивидуальным размерам";https://fogwood.ru/prihojie-na-zakaz/;Прихожие;/Мебель/Прихожие/
"заказать прихожую по своим размерам в спб";https://fogwood.ru/prihojie-na-zakaz/;Прихожие;/Мебель/Прихожие/
"прихожая на заказ в санкт петербурге";https://fogwood.ru/prihojie-na-zakaz/;Прихожие;/Мебель/Прихожие/
"купить прихожую на заказ";https://fogwood.ru/prihojie-na-zakaz/;Прихожие;/Мебель/Прихожие/
"прихожая под заказ спб";https://fogwood.ru/prihojie-na-zakaz/;Прихожие;/Мебель/Прихожие/
"прихожие в коридор на заказ в спб";https://fogwood.ru/prihojie-na-zakaz/;Прихожие;/Мебель/Прихожие/
"заказать прихожую по своим размерам";https://fogwood.ru/prihojie-na-zakaz/;Прихожие;/Мебель/Прихожие/
"прихожие под заказ";https://fogwood.ru/prihojie-na-zakaz/;Прихожие;/Мебель/Прихожие/
"мебель в прихожую на заказ";https://fogwood.ru/prihojie-na-zakaz/;Прихожие;/Мебель/Прихожие/
"детская мебель на заказ спб";https://fogwood.ru/detskaya-na-zakaz/;Детская;/Мебель/Детская/
"детская мебель на заказ";https://fogwood.ru/detskaya-na-zakaz/;Детская;/Мебель/Детская/
"производство детской мебели в спб";https://fogwood.ru/detskaya-na-zakaz/;Детская;/Мебель/Детская/
"детская мебель на заказ по размерам";https://fogwood.ru/detskaya-na-zakaz/;Детская;/Мебель/Детская/
"детская мебель на заказ спб недорого";https://fogwood.ru/detskaya-na-zakaz/;Детская;/Мебель/Детская/
"мебель для детской комнаты спб на заказ";https://fogwood.ru/detskaya-na-zakaz/;Детская;/Мебель/Детская/
"изготовление детской мебели на заказ в спб";https://fogwood.ru/detskaya-na-zakaz/;Детская;/Мебель/Детская/
"производство детской мебели из натурального дерева";https://fogwood.ru/detskaya-na-zakaz/;Детская;/Мебель/Детская/
"детская мебель по индивидуальному заказу";https://fogwood.ru/detskaya-na-zakaz/;Детская;/Мебель/Детская/
"мебель для детской комнаты на заказ";https://fogwood.ru/detskaya-na-zakaz/;Детская;/Мебель/Детская/
"детская мебель на заказ тверь";https://fogwood.ru/detskaya-na-zakaz/;Детская;/Мебель/Детская/
"производство детской мебели";https://fogwood.ru/detskaya-na-zakaz/;Детская;/Мебель/Детская/
"изготовление детской мебели";https://fogwood.ru/detskaya-na-zakaz/;Детская;/Мебель/Детская/
"мебель для ванной на заказ";https://fogwood.ru/vannaya-na-zakaz/;Ванная;/Мебель/Ванная/
"мебель для ванной на заказ в спб";https://fogwood.ru/vannaya-na-zakaz/;Ванная;/Мебель/Ванная/
"мебель для ванной комнаты на заказ";https://fogwood.ru/vannaya-na-zakaz/;Ванная;/Мебель/Ванная/
"заказ мебели для ванной по размерам";https://fogwood.ru/vannaya-na-zakaz/;Ванная;/Мебель/Ванная/
"мебель для ванной под заказ";https://fogwood.ru/vannaya-na-zakaz/;Ванная;/Мебель/Ванная/
"мебель для ванной по индивидуальным заказам";https://fogwood.ru/vannaya-na-zakaz/;Ванная;/Мебель/Ванная/
"мебель для ванной комнаты на заказ спб";https://fogwood.ru/vannaya-na-zakaz/;Ванная;/Мебель/Ванная/
"производство мебели для ванных комнат";https://fogwood.ru/vannaya-na-zakaz/;Ванная;/Мебель/Ванная/
"производство мебели для ванной комнаты в спб";https://fogwood.ru/vannaya-na-zakaz/;Ванная;/Мебель/Ванная/
"производство мебели для ванной";https://fogwood.ru/vannaya-na-zakaz/;Ванная;/Мебель/Ванная/
"изготовление дверей на заказ";https://fogwood.ru/dveri-na-zakaz/;Двери;/Двери/
"двери на заказ";https://fogwood.ru/dveri-na-zakaz/;Двери;/Двери/
"двери на заказ спб";https://fogwood.ru/dveri-na-zakaz/;Двери;/Двери/
"изготовление дверей на заказ в спб";https://fogwood.ru/dveri-na-zakaz/;Двери;/Двери/
"двери на заказ в санкт петербурге";https://fogwood.ru/dveri-na-zakaz/;Двери;/Двери/
"производство дверей в спб";https://fogwood.ru/dveri-na-zakaz/;Двери;/Двери/
"изготовление дверей";https://fogwood.ru/dveri-na-zakaz/;Двери;/Двери/
"деревянные двери на заказ";https://fogwood.ru/dveri-na-zakaz/;Двери;/Двери/
"двери нестандартных размеров";https://fogwood.ru/dveri-na-zakaz/;Двери;/Двери/
"изготовление дверей спб";https://fogwood.ru/dveri-na-zakaz/;Двери;/Двери/
"изготовление дверей по индивидуальным размерам";https://fogwood.ru/dveri-na-zakaz/;Двери;/Двери/
"двери на заказ нестандартные";https://fogwood.ru/dveri-na-zakaz/;Двери;/Двери/
"изготовление нестандартных деревянных дверей на заказ";https://fogwood.ru/dveri-na-zakaz/;Двери;/Двери/
"двери под заказ";https://fogwood.ru/dveri-na-zakaz/;Двери;/Двери/
"изготовление деревянных дверей на заказ";https://fogwood.ru/dveri-na-zakaz/;Двери;/Двери/
"двери по индивидуальным размерам";https://fogwood.ru/dveri-na-zakaz/;Двери;/Двери/
"двери под заказ спб";https://fogwood.ru/dveri-na-zakaz/;Двери;/Двери/
"изготовление дверей по индивидуальным размерам в спб";https://fogwood.ru/dveri-na-zakaz/;Двери;/Двери/
"межкомнатные двери на заказ";https://fogwood.ru/mejkomnatnye-dveri-na-zakaz/;"Межкомнатные двери";"/Двери/Межкомнатные двери/"
"межкомнатные двери на заказ в спб";https://fogwood.ru/mejkomnatnye-dveri-na-zakaz/;"Межкомнатные двери";"/Двери/Межкомнатные двери/"
"производство межкомнатных дверей";https://fogwood.ru/mejkomnatnye-dveri-na-zakaz/;"Межкомнатные двери";"/Двери/Межкомнатные двери/"
"межкомнатные двери нестандартных размеров";https://fogwood.ru/mejkomnatnye-dveri-na-zakaz/;"Межкомнатные двери";"/Двери/Межкомнатные двери/"
"производство межкомнатных дверей в спб";https://fogwood.ru/mejkomnatnye-dveri-na-zakaz/;"Межкомнатные двери";"/Двери/Межкомнатные двери/"
"двери на заказ нестандартные межкомнатные";https://fogwood.ru/mejkomnatnye-dveri-na-zakaz/;"Межкомнатные двери";"/Двери/Межкомнатные двери/"
"производство межкомнатных дверей в санкт петербурге";https://fogwood.ru/mejkomnatnye-dveri-na-zakaz/;"Межкомнатные двери";"/Двери/Межкомнатные двери/"
"изготовление межкомнатных дверей";https://fogwood.ru/mejkomnatnye-dveri-na-zakaz/;"Межкомнатные двери";"/Двери/Межкомнатные двери/"
"двери межкомнатные спб недорого на заказ";https://fogwood.ru/mejkomnatnye-dveri-na-zakaz/;"Межкомнатные двери";"/Двери/Межкомнатные двери/"
"изготовление межкомнатных дверей в спб";https://fogwood.ru/mejkomnatnye-dveri-na-zakaz/;"Межкомнатные двери";"/Двери/Межкомнатные двери/"
"межкомнатная дверь на заказ по своим размерам";https://fogwood.ru/mejkomnatnye-dveri-na-zakaz/;"Межкомнатные двери";"/Двери/Межкомнатные двери/"
"раздвижные двери на заказ";https://fogwood.ru/razdvijnye-dveri-na-zakaz/;"Раздвижные двери";"/Двери/Раздвижные двери/"
"раздвижные межкомнатные двери на заказ";https://fogwood.ru/razdvijnye-dveri-na-zakaz/;"Раздвижные двери";"/Двери/Раздвижные двери/"
"раздвижные двери на заказ спб";https://fogwood.ru/razdvijnye-dveri-na-zakaz/;"Раздвижные двери";"/Двери/Раздвижные двери/"
"раздвижные двери на заказ недорого";https://fogwood.ru/razdvijnye-dveri-na-zakaz/;"Раздвижные двери";"/Двери/Раздвижные двери/"
"раздвижные межкомнатные двери под заказ";https://fogwood.ru/razdvijnye-dveri-na-zakaz/;"Раздвижные двери";"/Двери/Раздвижные двери/"
"входные двери на заказ";https://fogwood.ru/vhodnye-dveri-na-zakaz/;"Входные двери";"/Двери/Входные двери/"
"входные двери на заказ спб";https://fogwood.ru/vhodnye-dveri-na-zakaz/;"Входные двери";"/Двери/Входные двери/"
"входные двери под заказ";https://fogwood.ru/vhodnye-dveri-na-zakaz/;"Входные двери";"/Двери/Входные двери/"
"входные двери на заказ от производителя";https://fogwood.ru/vhodnye-dveri-na-zakaz/;"Входные двери";"/Двери/Входные двери/"
"входные двери нестандартных размеров";https://fogwood.ru/vhodnye-dveri-na-zakaz/;"Входные двери";"/Двери/Входные двери/"
"входные двери под ключ";https://fogwood.ru/vhodnye-dveri-na-zakaz/;"Входные двери";"/Двери/Входные двери/"
"производство входных дверей";https://fogwood.ru/vhodnye-dveri-na-zakaz/;"Входные двери";"/Двери/Входные двери/"
"изготовление входных дверей на заказ в спб";https://fogwood.ru/vhodnye-dveri-na-zakaz/;"Входные двери";"/Двери/Входные двери/"
"входная дверь производство спб";https://fogwood.ru/vhodnye-dveri-na-zakaz/;"Входные двери";"/Двери/Входные двери/"
"изготовление входных дверей";https://fogwood.ru/vhodnye-dveri-na-zakaz/;"Входные двери";"/Двери/Входные двери/"
"изготовление входных дверей на заказ";https://fogwood.ru/vhodnye-dveri-na-zakaz/;"Входные двери";"/Двери/Входные двери/"
"входные двери в квартиру на заказ";https://fogwood.ru/vhodnye-dveri-na-zakaz/;"Входные двери";"/Двери/Входные двери/"
"входные двери под ключ спб";https://fogwood.ru/vhodnye-dveri-na-zakaz/;"Входные двери";"/Двери/Входные двери/"
"изготовление перегородок";https://fogwood.ru/peregorodkii-na-zakaz/;Перегородки;/Двери/Перегородки/
"перегородки на заказ спб";https://fogwood.ru/peregorodkii-na-zakaz/;Перегородки;/Двери/Перегородки/
"перегородки для зонирования на заказ";https://fogwood.ru/peregorodkii-na-zakaz/;Перегородки;/Двери/Перегородки/
"перегородки на заказ";https://fogwood.ru/peregorodkii-na-zakaz/;Перегородки;/Двери/Перегородки/
"изготовление межкомнатных перегородок на заказ";https://fogwood.ru/peregorodkii-na-zakaz/;Перегородки;/Двери/Перегородки/
"изготовление межкомнатных перегородок";https://fogwood.ru/peregorodkii-na-zakaz/;Перегородки;/Двери/Перегородки/
"изготовление перегородок для зонирования комнаты";https://fogwood.ru/peregorodkii-na-zakaz/;Перегородки;/Двери/Перегородки/
"перегородки из дерева на заказ";https://fogwood.ru/peregorodki-na-zakaz/;Перегородки;/Двери/Перегородки/
"деревянные перегородки на заказ";https://fogwood.ru/peregorodkii-na-zakaz/;Перегородки;/Двери/Перегородки/
"изготовление деревянной перегородки";https://fogwood.ru/peregorodkii-na-zakaz/;Перегородки;/Двери/Перегородки/
"арка межкомнатная на заказ в спб";https://fogwood.ru/arki-na-zakaz/;"Арки и порталы";"/Двери/Арки и порталы/"
"арки на заказ";https://fogwood.ru/arki-na-zakaz/;"Арки и порталы";"/Двери/Арки и порталы/"
"арки на заказ в спб";https://fogwood.ru/arki-na-zakaz/;"Арки и порталы";"/Двери/Арки и порталы/"
"изготовление дверных арок на заказ";https://fogwood.ru/arki-na-zakaz/;"Арки и порталы";"/Двери/Арки и порталы/"
"межкомнатные арки на заказ";https://fogwood.ru/arki-na-zakaz/;"Арки и порталы";"/Двери/Арки и порталы/"
"изготовление дверных порталов";https://fogwood.ru/arki-na-zakaz/;"Арки и порталы";"/Двери/Арки и порталы/"
"изготовление арок в дверных проемах на заказ";https://fogwood.ru/arki-na-zakaz/;"Арки и порталы";"/Двери/Арки и порталы/"
"арки из дерева на заказ";https://fogwood.ru/arki-na-zakaz/;"Арки и порталы";"/Двери/Арки и порталы/"
"изготовление арок на заказ";https://fogwood.ru/arki-na-zakaz/;"Арки и порталы";"/Двери/Арки и порталы/"
"дверные арки на заказ";https://fogwood.ru/arki-na-zakaz/;"Арки и порталы";"/Двери/Арки и порталы/"
"изготовление арки из дерева на заказ";https://fogwood.ru/arki-na-zakaz/;"Арки и порталы";"/Двери/Арки и порталы/"
"арки под ключ";https://fogwood.ru/arki-na-zakaz/;"Арки и порталы";"/Двери/Арки и порталы/"
"арки межкомнатные производство";https://fogwood.ru/arki-na-zakaz/;"Арки и порталы";"/Двери/Арки и порталы/"
"изготовление межкомнатных арок";https://fogwood.ru/arki-na-zakaz/;"Арки и порталы";"/Двери/Арки и порталы/"
"изготовление арок из дерева";https://fogwood.ru/arki-na-zakaz/;"Арки и порталы";"/Двери/Арки и порталы/"
"изготовление г-образных лестниц";;Г-Образные;/Интерьер/Лестницы/
"производство г-образных лестниц";;Г-Образные;/Интерьер/Лестницы/
"г-образные лестницы на заказ";;Г-Образные;/Интерьер/Лестницы/
"изготовление п-образных лестниц";;П-Образные;/Интерьер/Лестницы/
"производство п-образных лестниц";;П-Образные;/Интерьер/Лестницы/
"п-образные лестницы на заказ";;П-Образные;/Интерьер/Лестницы/
"винтовая лестница на заказ";;Винтовые;/Интерьер/Лестницы/
"изготовление винтовых лестниц";;Винтовые;/Интерьер/Лестницы/
"винтовая лестница производство";;Винтовые;/Интерьер/Лестницы/
"винтовая лестница под заказ";;Винтовые;/Интерьер/Лестницы/
"изготовление винтовых деревянных лестниц";;Винтовые;/Интерьер/Лестницы/
"изготовление лестниц на второй этаж";;"На второй этаж";/Интерьер/Лестницы/
"лестница на второй этаж на заказ";;"На второй этаж";/Интерьер/Лестницы/
"изготовление межэтажных лестниц из дерева";;"На второй этаж";/Интерьер/Лестницы/
"лестница на второй этаж под ключ";;"На второй этаж";/Интерьер/Лестницы/
"лестница на второй этаж производство";;"На второй этаж";/Интерьер/Лестницы/
"деревянная лестница на второй этаж заказ";;"На второй этаж";/Интерьер/Лестницы/
"лестницы на 2 этаж на заказ";;"На второй этаж";/Интерьер/Лестницы/
"дубовая лестница на заказ";;Дубовые;/Интерьер/Лестницы/
"изготовление ступеней для лестниц из дерева цена";;Ступени;/Интерьер/Лестницы/
"производство ступеней для лестниц";;Ступени;/Интерьер/Лестницы/
"изготовление деревянных ступеней для лестниц";;Ступени;/Интерьер/Лестницы/
"изготовление ступеней для лестниц из дерева";;Ступени;/Интерьер/Лестницы/
"изготовление ступеней для лестниц";;Ступени;/Интерьер/Лестницы/
"заказ ступеней для лестниц";;Ступени;/Интерьер/Лестницы/
"ступени для лестниц из дерева на заказ";;Ступени;/Интерьер/Лестницы/
"ступени деревянной лестницы на заказ";;Ступени;/Интерьер/Лестницы/
"изготовление перил для лестниц";;Перила;/Интерьер/Лестницы/
"изготовление перил для лестниц из дерева";;Перила;/Интерьер/Лестницы/
"изготовление перил для лестниц в доме";;Перила;/Интерьер/Лестницы/
"изготовление деревянных перил для лестниц";;Перила;/Интерьер/Лестницы/
"отделка лестницы из металлокаркаса деревом под ключ";;Обшивка;/Интерьер/Лестницы/
"отделка лестниц под ключ деревом";;Обшивка;/Интерьер/Лестницы/
"обшивка лестницы деревом";;Обшивка;/Интерьер/Лестницы/
"изготовление лестниц";https://fogwood.ru/lestnitsy-na-zakaz/;Лестницы;/Интерьер/Лестницы/
"лестницы на заказ";https://fogwood.ru/lestnitsy-na-zakaz/;Лестницы;/Интерьер/Лестницы/
"лестницы из дерева на заказ";https://fogwood.ru/lestnitsy-na-zakaz/;Лестницы;/Интерьер/Лестницы/
"лестница на заказ из дерева недорого";https://fogwood.ru/lestnitsy-na-zakaz/;Лестницы;/Интерьер/Лестницы/
"изготовление лестниц из дерева";https://fogwood.ru/lestnitsy-na-zakaz/;Лестницы;/Интерьер/Лестницы/
"изготовление деревянных лестниц в спб";https://fogwood.ru/lestnitsy-na-zakaz/;Лестницы;/Интерьер/Лестницы/
"лестница на заказ спб";https://fogwood.ru/lestnitsy-na-zakaz/;Лестницы;/Интерьер/Лестницы/
"деревянные лестницы на заказ";https://fogwood.ru/lestnitsy-na-zakaz/;Лестницы;/Интерьер/Лестницы/
"изготовление лестниц из дерева в спб";https://fogwood.ru/lestnitsy-na-zakaz/;Лестницы;/Интерьер/Лестницы/
"изготовление деревянных лестниц";https://fogwood.ru/lestnitsy-na-zakaz/;Лестницы;/Интерьер/Лестницы/
"производство лестниц";https://fogwood.ru/lestnitsy-na-zakaz/;Лестницы;/Интерьер/Лестницы/
"изготовление лестниц на заказ";https://fogwood.ru/lestnitsy-na-zakaz/;Лестницы;/Интерьер/Лестницы/
"производство деревянных лестниц";https://fogwood.ru/lestnitsy-na-zakaz/;Лестницы;/Интерьер/Лестницы/
"лестницы под заказ";https://fogwood.ru/lestnitsy-na-zakaz/;Лестницы;/Интерьер/Лестницы/
"деревянные лестницы под ключ";https://fogwood.ru/lestnitsy-na-zakaz/;Лестницы;/Интерьер/Лестницы/
"деревянные лестницы на заказ в спб";https://fogwood.ru/lestnitsy-na-zakaz/;Лестницы;/Интерьер/Лестницы/
"лестницы из дуба на заказ";https://fogwood.ru/lestnitsy-na-zakaz/;Лестницы;/Интерьер/Лестницы/
"стоимость изготовления лестницы из дерева";https://fogwood.ru/lestnitsy-na-zakaz/;Лестницы;/Интерьер/Лестницы/
"заказать изготовление лестницы для пентхауса";https://fogwood.ru/lestnitsy-na-zakaz/;Лестницы;/Интерьер/Лестницы/
"производство лестниц на заказ";https://fogwood.ru/lestnitsy-na-zakaz/;Лестницы;/Интерьер/Лестницы/
"производство дубовых лестниц";https://fogwood.ru/lestnitsy-na-zakaz/;Лестницы;/Интерьер/Лестницы/
"изготовление деревянных лестниц на заказ";https://fogwood.ru/lestnitsy-na-zakaz/;Лестницы;/Интерьер/Лестницы/
"деревянные лестницы на заказ в спб недорого";https://fogwood.ru/lestnitsy-na-zakaz/;Лестницы;/Интерьер/Лестницы/
"изготовление лестницы на второй этаж";https://fogwood.ru/lestnitsy-na-zakaz/;Лестницы;/Интерьер/Лестницы/
"изготовление лестниц спб";https://fogwood.ru/lestnitsy-na-zakaz/;Лестницы;/Интерьер/Лестницы/
"производство лестниц в спб";https://fogwood.ru/lestnitsy-na-zakaz/;Лестницы;/Интерьер/Лестницы/
"производство лестниц из дерева";https://fogwood.ru/lestnitsy-na-zakaz/;Лестницы;/Интерьер/Лестницы/
"стоимость изготовления деревянной лестницы на второй этаж";https://fogwood.ru/lestnitsy-na-zakaz/;Лестницы;/Интерьер/Лестницы/
"производство деревянных лестниц в спб";https://fogwood.ru/lestnitsy-na-zakaz/;Лестницы;/Интерьер/Лестницы/
"изготовление лестницы из дерева на второй этаж";https://fogwood.ru/lestnitsy-na-zakaz/;Лестницы;/Интерьер/Лестницы/
"изготовление лестниц из дуба";https://fogwood.ru/lestnitsy-na-zakaz/;Лестницы;/Интерьер/Лестницы/
"лестницы под заказ из дуба";https://fogwood.ru/lestnitsy-na-zakaz/;Лестницы;/Интерьер/Лестницы/
"лестница под ключ";https://fogwood.ru/lestnitsy-na-zakaz/;Лестницы;/Интерьер/Лестницы/
"лестницы из массива дерева на заказ";https://fogwood.ru/lestnitsy-na-zakaz/;Лестницы;/Интерьер/Лестницы/
"лестница в деревянный дом под ключ";https://fogwood.ru/lestnitsy-na-zakaz/;Лестницы;/Интерьер/Лестницы/
"лестницы из массива на заказ";https://fogwood.ru/lestnitsy-na-zakaz/;Лестницы;/Интерьер/Лестницы/
"производство лестниц из дуба";https://fogwood.ru/lestnitsy-na-zakaz/;Лестницы;/Интерьер/Лестницы/
"производство деревянных лестниц на второй этаж";https://fogwood.ru/lestnitsy-na-zakaz/;Лестницы;/Интерьер/Лестницы/
"изготовление стеновых панелей под дерево";https://fogwood.ru/stenovye-paneli-na-zakaz/;"Стеновые панели";"/Интерьер/Стеновые панели/"
"стеновые панели на заказ";https://fogwood.ru/stenovye-paneli-na-zakaz/;"Стеновые панели";"/Интерьер/Стеновые панели/"
"стеновые панели на заказ спб";https://fogwood.ru/stenovye-paneli-na-zakaz/;"Стеновые панели";"/Интерьер/Стеновые панели/"
"производства стеновых панелей спб";https://fogwood.ru/stenovye-paneli-na-zakaz/;"Стеновые панели";"/Интерьер/Стеновые панели/"
"изготовление стеновых панелей на заказ";https://fogwood.ru/stenovye-paneli-na-zakaz/;"Стеновые панели";"/Интерьер/Стеновые панели/"
"стеновая панель под размер";https://fogwood.ru/stenovye-paneli-na-zakaz/;"Стеновые панели";"/Интерьер/Стеновые панели/"
"производство стеновых деревянных панелей";https://fogwood.ru/stenovye-paneli-na-zakaz/;"Стеновые панели";"/Интерьер/Стеновые панели/"
"изготовление стеновых панелей";https://fogwood.ru/stenovye-paneli-na-zakaz/;"Стеновые панели";"/Интерьер/Стеновые панели/"
"изготовление фальшбалок";https://fogwood.ru/falshbalki-na-zakaz/;Фальшбалки;/Интерьер/Фальшбалки/
"изготовление фальшбалок из дерева";https://fogwood.ru/falshbalki-na-zakaz/;Фальшбалки;/Интерьер/Фальшбалки/
"производство потолков";https://fogwood.ru/potolochnye-plity-na-zakaz/;Потолки;/Интерьер/Потолки/
"потолки под ключ";https://fogwood.ru/potolochnye-plity-na-zakaz/;Потолки;/Интерьер/Потолки/
"потолок под ключ цена";https://fogwood.ru/potolochnye-plity-na-zakaz/;Потолки;/Интерьер/Потолки/
"заказ потолков в спб";https://fogwood.ru/potolochnye-plity-na-zakaz/;Потолки;/Интерьер/Потолки/
"санкт петербург производство потолков";https://fogwood.ru/potolochnye-plity-na-zakaz/;Потолки;/Интерьер/Потолки/
"производство потолков спб";https://fogwood.ru/potolochnye-plity-na-zakaz/;Потолки;/Интерьер/Потолки/
"изготовление деревянных потолков";https://fogwood.ru/potolochnye-plity-na-zakaz/;Потолки;/Интерьер/Потолки/
"подоконники из березы";;"Из берёзы";/Интерьер/Подоконники/
"подоконники из массива березы";;"Из берёзы";/Интерьер/Подоконники/
"изготовление подоконников из березы в спб";;"Из берёзы";/Интерьер/Подоконники/
"изготовление подоконников из массива березы";;"Из берёзы";/Интерьер/Подоконники/
"подоконники из карагача";;"Из карагача";/Интерьер/Подоконники/
"подоконники из массива карагача";;"Из карагача";/Интерьер/Подоконники/
"изготовление подоконников из карагача в спб";;"Из карагача";/Интерьер/Подоконники/
"изготовление подоконников из массива карагача";;"Из карагача";/Интерьер/Подоконники/
"подоконники из граба";;"Из граба";/Интерьер/Подоконники/
"подоконники из массива граба";;"Из граба";/Интерьер/Подоконники/
"изготовление подоконников из граба в спб";;"Из граба";/Интерьер/Подоконники/
"изготовление подоконников из массива граба";;"Из граба";/Интерьер/Подоконники/
"подоконники из клена";;"Из клёна";/Интерьер/Подоконники/
"подоконники из массива клена";;"Из клёна";/Интерьер/Подоконники/
"изготовление подоконников из клена в спб";;"Из клёна";/Интерьер/Подоконники/
"изготовление подоконников из массива клена";;"Из клёна";/Интерьер/Подоконники/
"подоконники из ясеня";;"Из ясеня";/Интерьер/Подоконники/
"подоконники из массива ясеня";;"Из ясеня";/Интерьер/Подоконники/
"изготовление подоконников из ясеня в спб";;"Из ясеня";/Интерьер/Подоконники/
"изготовление подоконников из массива ясеня";;"Из ясеня";/Интерьер/Подоконники/
"подоконники из бука на заказ";;"Из бука";/Интерьер/Подоконники/
"изготовление подоконников бук";;"Из бука";/Интерьер/Подоконники/
"подоконники из сосны на заказ";;"Из сосны";/Интерьер/Подоконники/
"подоконники из массива сосны";;"Из сосны";/Интерьер/Подоконники/
"изготовление подоконников из сосны";;"Из сосны";/Интерьер/Подоконники/
"подоконники из дуба на заказ";;"Из дуба";/Интерьер/Подоконники/
"дубовые подоконники на заказ";;"Из дуба";/Интерьер/Подоконники/
"изготовление дубовых подоконников";;"Из дуба";/Интерьер/Подоконники/
"подоконники из дерева на заказ";https://fogwood.ru/podokonniki-na-zakaz/;Подоконники;/Интерьер/Подоконники/
"изготовление подоконников из дерева";https://fogwood.ru/podokonniki-na-zakaz/;Подоконники;/Интерьер/Подоконники/
"изготовление деревянных подоконников";https://fogwood.ru/podokonniki-na-zakaz/;Подоконники;/Интерьер/Подоконники/
"деревянные подоконники на заказ";https://fogwood.ru/podokonniki-na-zakaz/;Подоконники;/Интерьер/Подоконники/
"подоконники на заказ";https://fogwood.ru/podokonniki-na-zakaz/;Подоконники;/Интерьер/Подоконники/
"производство подоконников из массива дерева в спб";https://fogwood.ru/podokonniki-na-zakaz/;Подоконники;/Интерьер/Подоконники/
"изготовление подоконников спб";https://fogwood.ru/podokonniki-na-zakaz/;Подоконники;/Интерьер/Подоконники/
"производство подоконников из массива дерева";https://fogwood.ru/podokonniki-na-zakaz/;Подоконники;/Интерьер/Подоконники/
"изготовление подоконников";https://fogwood.ru/podokonniki-na-zakaz/;Подоконники;/Интерьер/Подоконники/
"подоконник на заказ спб";https://fogwood.ru/podokonniki-na-zakaz/;Подоконники;/Интерьер/Подоконники/
"изготовление подоконников из дерева на заказ";https://fogwood.ru/podokonniki-na-zakaz/;Подоконники;/Интерьер/Подоконники/
"изготовление подоконников из дерева спб";https://fogwood.ru/podokonniki-na-zakaz/;Подоконники;/Интерьер/Подоконники/
"столешница из дерева и эпоксидной смолы";;Эпоксидные;/Интерьер/Столешницы/
"кухонная столешница купить в спб";;"Для кухни";/Интерьер/Столешницы/
"деревянная столешница для кухни";;"Для кухни";/Интерьер/Столешницы/
"купить столешницу для кухни в санкт петербурге";;"Для кухни";/Интерьер/Столешницы/
"столешница для кухни на заказ";;"Для кухни";/Интерьер/Столешницы/
"заказать столешницу на кухню";;"Для кухни";/Интерьер/Столешницы/
"деревянная столешница для кухни купить";;"Для кухни";/Интерьер/Столешницы/
"деревянная столешница для кухни купить в спб";;"Для кухни";/Интерьер/Столешницы/
"столешница для ванны купить спб";;"Для ванной";/Интерьер/Столешницы/
"столешница для ванной купить в спб";;"Для ванной";/Интерьер/Столешницы/
"деревянная столешница в ванную";;"Для ванной";/Интерьер/Столешницы/
"купить столешницу в ванную комнату спб";;"Для ванной";/Интерьер/Столешницы/
"столешница для ванной комнаты купить";;"Для ванной";/Интерьер/Столешницы/
"столешница в ванную на заказ";;"Для ванной";/Интерьер/Столешницы/
"столешница в ванную цена";;"Для ванной";/Интерьер/Столешницы/
"деревянная столешница в ванну";;"Для ванной";/Интерьер/Столешницы/
"заказать столешницу в ванную";;"Для ванной";/Интерьер/Столешницы/
"столешница для ванны на заказ";;"Для ванной";/Интерьер/Столешницы/
"купить влагостойкую столешницу";;Влагостойкие;/Интерьер/Столешницы/
"влагостойкая столешница для кухни";;Влагостойкие;/Интерьер/Столешницы/
"столешница влагостойкая купить в спб";;Влагостойкие;/Интерьер/Столешницы/
"купить влагостойкую столешницу для кухни";;Влагостойкие;/Интерьер/Столешницы/
"купить влагостойкую столешницу для кухни в спб";;Влагостойкие;/Интерьер/Столешницы/
"изготовление столешницы из карагача";;"Из карагача";/Интерьер/Столешницы/
"столешница из массива карагача на заказ";;"Из карагача";/Интерьер/Столешницы/
"столешница из карагача на заказ";;"Из карагача";/Интерьер/Столешницы/
"столешница из карагача на заказ в спб";;"Из карагача";/Интерьер/Столешницы/
"изготовление столешницы из массива карагача в спб";;"Из карагача";/Интерьер/Столешницы/
"изготовление столешницы из ясеня";;"Из ясеня";/Интерьер/Столешницы/
"столешница из массива ясеня на заказ";;"Из ясеня";/Интерьер/Столешницы/
"столешница из ясеня на заказ";;"Из ясеня";/Интерьер/Столешницы/
"столешница из ясеня на заказ в спб";;"Из ясеня";/Интерьер/Столешницы/
"изготовление столешницы из массива ясеня в спб";;"Из ясеня";/Интерьер/Столешницы/
"изготовление столешницы из клена";;"Из клёна";/Интерьер/Столешницы/
"столешница из массива клена на заказ";;"Из клёна";/Интерьер/Столешницы/
"столешница из клена на заказ";;"Из клёна";/Интерьер/Столешницы/
"столешница из клена на заказ в спб";;"Из клёна";/Интерьер/Столешницы/
"изготовление столешницы из массива клена в спб";;"Из клёна";/Интерьер/Столешницы/
"изготовление столешницы из граба";;"Из граба";/Интерьер/Столешницы/
"столешница из массива граба на заказ";;"Из граба";/Интерьер/Столешницы/
"столешница из граба на заказ";;"Из граба";/Интерьер/Столешницы/
"столешница из граба на заказ в спб";;"Из граба";/Интерьер/Столешницы/
"изготовление столешницы из массива граба в спб";;"Из граба";/Интерьер/Столешницы/
"изготовление столешницы из березы";;"Из берёзы";/Интерьер/Столешницы/
"столешница из массива березы на заказ";;"Из берёзы";/Интерьер/Столешницы/
"столешница из березы на заказ";;"Из берёзы";/Интерьер/Столешницы/
"столешница из березы на заказ в спб";;"Из берёзы";/Интерьер/Столешницы/
"изготовление столешницы из массива березы в спб";;"Из берёзы";/Интерьер/Столешницы/
"изготовление столешницы из бука";;"Из бука";/Интерьер/Столешницы/
"столешница из массива бука на заказ";;"Из бука";/Интерьер/Столешницы/
"столешница из бука на заказ";;"Из бука";/Интерьер/Столешницы/
"столешница из бука на заказ в спб";;"Из бука";/Интерьер/Столешницы/
"изготовление столешницы из массива бука в спб";;"Из бука";/Интерьер/Столешницы/
"изготовление столешницы из сосны";;"Из сосны";/Интерьер/Столешницы/
"столешница из массива сосны на заказ";;"Из сосны";/Интерьер/Столешницы/
"столешница из сосны на заказ";;"Из сосны";/Интерьер/Столешницы/
"столешница из сосны на заказ в спб";;"Из сосны";/Интерьер/Столешницы/
"изготовление столешницы из массива сосны в спб";;"Из сосны";/Интерьер/Столешницы/
"изготовление столешниц из дуба";;"Из дуба";/Интерьер/Столешницы/
"изготовление столешниц из массива дуба";;"Из дуба";/Интерьер/Столешницы/
"столешница из массива дуба в спб";;"Из дуба";/Интерьер/Столешницы/
"дубовая столешница на заказ в спб";;"Из дуба";/Интерьер/Столешницы/
"столешницы на заказ";https://fogwood.ru/stoleshnitsy-na-zakaz/;Столешницы;/Интерьер/Столешницы/
"столешница на заказ спб";https://fogwood.ru/stoleshnitsy-na-zakaz/;Столешницы;/Интерьер/Столешницы/
"изготовление столешниц";https://fogwood.ru/stoleshnitsy-na-zakaz/;Столешницы;/Интерьер/Столешницы/
"производство столешниц в спб";https://fogwood.ru/stoleshnitsy-na-zakaz/;Столешницы;/Интерьер/Столешницы/
"столешница на заказ по размерам";https://fogwood.ru/stoleshnitsy-na-zakaz/;Столешницы;/Интерьер/Столешницы/
"производство столешниц";https://fogwood.ru/stoleshnitsy-na-zakaz/;Столешницы;/Интерьер/Столешницы/
"столешница на заказ для стола";https://fogwood.ru/stoleshnitsy-na-zakaz/;Столешницы;/Интерьер/Столешницы/
"изготовление столешниц на заказ";https://fogwood.ru/stoleshnitsy-na-zakaz/;Столешницы;/Интерьер/Столешницы/
"изготовление столешниц в спб";https://fogwood.ru/stoleshnitsy-na-zakaz/;Столешницы;/Интерьер/Столешницы/
"столешница под заказ спб";https://fogwood.ru/stoleshnitsy-na-zakaz/;Столешницы;/Интерьер/Столешницы/
"столешница под заказ";https://fogwood.ru/stoleshnitsy-na-zakaz/;Столешницы;/Интерьер/Столешницы/
"столешница из дуба на заказ";https://fogwood.ru/stoleshnitsy-na-zakaz/iz-duba/;Столешницы;/Интерьер/Столешницы/
"столешница на заказ для стола спб";https://fogwood.ru/stoleshnitsy-na-zakaz/;Столешницы;/Интерьер/Столешницы/
"столешница из дерева на заказ";https://fogwood.ru/stoleshnitsy-na-zakaz/;Столешницы;/Интерьер/Столешницы/
"изготовить столешницу на заказ";https://fogwood.ru/stoleshnitsy-na-zakaz/;Столешницы;/Интерьер/Столешницы/
"столешницы под размер";https://fogwood.ru/stoleshnitsy-na-zakaz/;Столешницы;/Интерьер/Столешницы/
"деревянная столешница на заказ спб";https://fogwood.ru/stoleshnitsy-na-zakaz/;Столешницы;/Интерьер/Столешницы/
"столешницы на заказ по индивидуальным размерам недорого";https://fogwood.ru/stoleshnitsy-na-zakaz/;Столешницы;/Интерьер/Столешницы/
"изготовление столешницы из дерева";https://fogwood.ru/stoleshnitsy-na-zakaz/;Столешницы;/Интерьер/Столешницы/
"изготовление столешниц на заказ в спб";https://fogwood.ru/stoleshnitsy-na-zakaz/;Столешницы;/Интерьер/Столешницы/
"столешница на заказ по размерам спб";https://fogwood.ru/stoleshnitsy-na-zakaz/;Столешницы;/Интерьер/Столешницы/
"столешница из массива на заказ";https://fogwood.ru/stoleshnitsy-na-zakaz/;Столешницы;/Интерьер/Столешницы/
"производство столешниц из дерева";https://fogwood.ru/stoleshnitsy-na-zakaz/;Столешницы;/Интерьер/Столешницы/
"изготовление столешниц из эпоксидной смолы";https://fogwood.ru/stoleshnitsy-na-zakaz/;Столешницы;/Интерьер/Столешницы/
"столешница на заказ спб недорого";https://fogwood.ru/stoleshnitsy-na-zakaz/;Столешницы;/Интерьер/Столешницы/
"столешницы на заказ по индивидуальным размерам";https://fogwood.ru/stoleshnitsy-na-zakaz/;Столешницы;/Интерьер/Столешницы/
"столешница по индивидуальным размерам";https://fogwood.ru/stoleshnitsy-na-zakaz/;Столешницы;/Интерьер/Столешницы/
"столешницы из мдф на заказ";https://fogwood.ru/stoleshnitsy-na-zakaz/;Столешницы;/Интерьер/Столешницы/
"столешница по индивидуальным размерам спб";https://fogwood.ru/stoleshnitsy-na-zakaz/;Столешницы;/Интерьер/Столешницы/
"изготовление столешниц для стола";https://fogwood.ru/stoleshnitsy-na-zakaz/;Столешницы;/Интерьер/Столешницы/
